weight_decay,batch_size,model_seed,split_seed,shuffle_seed,sft_best_test_loss,hybrid_test_loss,hybrid_acc,hybrid_acc_even,hybrid_acc_odd
0.5,512,1234,41,43,1.0206387912603532e-07,25.076690673828125,0.3650296628475189,0.3940809965133667,0.3356580436229706
0.5,512,1234,41,44,1.2475567245928687e-07,111.32451629638672,0.06320617347955704,0.054294612258672714,0.0722159743309021
0.5,256,1234,41,43,1.3274232912863226e-07,27.55553436279297,0.5415594577789307,0.6010235548019409,0.48143982887268066
0.15,256,1234,41,43,1.453792037864332e-07,8.844719886779785,0.794607937335968,0.8609256744384766,0.7275590896606445
0.15,1024,1236,41,44,1.919068779443478e-07,7.152985095977783,0.8627363443374634,0.8500222563743591,0.8755905628204346
0.5,512,1234,42,43,2.0016574353576289e-07,21.399614334106445,0.3465712070465088,0.3380751311779022,0.35518017411231995
0.15,1024,1234,42,44,2.0760401753250335e-07,0.9514679312705994,0.999776303768158,0.9995554685592651,1.0
0.5,512,1235,41,44,2.14925620412032e-07,7.807148456573486,0.17350934445858002,0.21050289273262024,0.13610798120498657
0.3,256,1234,41,43,2.469778905833664e-07,26.732460021972656,0.05403289198875427,0.05562972649931908,0.05241844803094864
0.3,256,1235,42,43,3.15549158358408e-07,0.0009268404101021588,0.9998881816864014,1.0,0.9997748136520386
0.3,256,1234,41,44,4.837201004193048e-07,1.1339895725250244,0.49188947677612305,0.5280373692512512,0.455343097448349
0.15,1024,1235,41,44,5.00392616231693e-07,2.2132041454315186,0.9346683621406555,0.9955496191978455,0.8731158971786499
0.3,512,1234,41,44,5.226813186709478e-07,1.9119220972061157,0.9145318269729614,0.9132176041603088,0.9158605337142944
0.5,256,1235,41,43,6.521032105410995e-07,14.259440422058105,0.11466607451438904,0.19670671224594116,0.03172103688120842
0.5,1024,1234,42,44,6.582791343134886e-07,5.754331588745117,0.6519744992256165,0.6692598462104797,0.6344594955444336
0.15,512,1234,41,43,6.627802804359817e-07,0.30088406801223755,0.8127307295799255,0.7705829739570618,0.8553431034088135
0.15,1024,1235,42,44,6.691302587569226e-07,1.665158748626709,0.9907148480415344,1.0,0.9813063144683838
0.15,512,1236,41,43,7.396967021122691e-07,32.207054138183594,0.21792148053646088,0.19003114104270935,0.24611924588680267
0.15,512,1235,42,44,7.658043728042685e-07,0.023873312398791313,1.0,1.0,1.0
0.3,256,1235,41,43,7.766681733301084e-07,0.08424043655395508,1.0,1.0,1.0
0.5,256,1235,41,44,7.924824103611172e-07,6.460906505584717,0.2621098756790161,0.3949710726737976,0.12778402864933014
0.15,256,1234,41,44,8.761699632486852e-07,0.04503144323825836,1.0,1.0,1.0
0.3,512,1235,41,44,9.010173016577028e-07,5.659350395202637,0.21277548372745514,0.30818867683410645,0.11631046235561371
0.15,256,1235,41,43,1.0360698752265307e-06,75.401611328125,0.053473543375730515,0.0006675567128695548,0.1068616434931755
0.5,256,1234,41,44,1.15937439204572e-06,0.4109925925731659,0.7942723035812378,0.8030707240104675,0.7853768467903137
0.5,256,1235,42,44,1.2675083098656614e-06,0.02986004576086998,0.9756125211715698,0.9706601500511169,0.98063063621521
0.15,256,1234,42,43,1.2933254538438632e-06,12.962355613708496,0.2964537441730499,0.2985107898712158,0.2943693697452545
0.3,1024,1236,41,43,2.582569322839845e-06,4.767155170440674,0.3370623290538788,0.3540275990962982,0.3199100196361542
0.15,512,1234,41,44,2.6506515951041365e-06,0.14070825278759003,1.0,1.0,1.0
0.3,512,1234,42,44,3.1210943234327715e-06,0.8190110325813293,0.6203154921531677,0.6163591742515564,0.6243243217468262
0.3,512,1234,41,43,3.714391368703218e-06,0.006199744530022144,0.9993287920951843,1.0,0.9986501932144165
0.5,1024,1236,41,43,4.453230303624878e-06,7.600306510925293,0.4706343114376068,0.520916759967804,0.41979753971099854
0.5,512,1234,42,44,4.496183009905508e-06,2.748692035675049,0.8864526748657227,0.8910868763923645,0.8817567825317383
0.3,512,1235,41,43,6.599926564376801e-06,4.237590312957764,0.22989149391651154,0.3898531198501587,0.06816647946834564
0.5,256,1236,41,43,7.332807399507146e-06,1.3704490661621094,0.9983220100402832,0.9997774362564087,0.9968504309654236
0.3,1024,1235,41,44,7.358505627053091e-06,7.7958526611328125,0.16455979645252228,0.11237204819917679,0.21732284128665924
0.3,512,1236,41,43,7.826647561159916e-06,0.37099742889404297,0.9994406700134277,0.9993324279785156,0.9995500445365906
0.5,512,1236,42,43,7.91910042607924e-06,0.02364795096218586,0.9892605543136597,0.9897754788398743,0.9887387752532959
0.5,256,1236,41,44,8.16764986666385e-06,0.2917315661907196,0.8185479640960693,0.8451268076896667,0.7916760444641113
0.15,256,1235,41,44,9.090054845728446e-06,0.032257478684186935,0.999776303768158,1.0,0.9995500445365906
0.5,1024,1234,42,43,9.129319550993387e-06,0.294858455657959,0.7668642997741699,0.7848410606384277,0.7486486434936523
0.15,256,1236,41,43,9.242747182724997e-06,5.168910026550293,0.9744938015937805,0.9537160396575928,0.9955005645751953
0.3,1024,1234,42,43,1.08629765236401e-05,5.010714054107666,0.36916881799697876,0.36274728178977966,0.37567567825317383
0.3,256,1236,42,43,1.1178150998603087e-05,0.07731208950281143,0.9437297582626343,0.9444320797920227,0.9430180191993713
0.5,512,1235,42,43,1.2028047422063537e-05,0.49173063039779663,0.6990715265274048,0.7206045985221863,0.6772522926330566
0.5,512,1236,41,43,1.3746261174674146e-05,5.505637168884277,0.7971808910369873,0.8558077216148376,0.7379077672958374
0.15,256,1234,42,44,1.382529444526881e-05,0.003319605952128768,1.0,1.0,1.0
0.5,256,1236,42,43,1.6810057786642574e-05,0.6150220036506653,0.6321736574172974,0.6708157062530518,0.5930180549621582
0.5,512,1236,42,44,1.815771611290984e-05,0.9326911568641663,0.8924936056137085,0.9182040095329285,0.8664414882659912
0.5,512,1235,42,44,1.8415583326714113e-05,1.9555671215057373,0.931200385093689,0.9337630271911621,0.9286036491394043
0.5,256,1236,42,44,2.4423201466561295e-05,1.4107298851013184,0.9514487385749817,0.9575461149215698,0.945270299911499
0.5,256,1235,42,43,2.559669519541785e-05,0.3958369791507721,0.7622776627540588,0.7752833962440491,0.7490991353988647
0.15,1024,1235,41,43,2.583866262284573e-05,2.4479496479034424,0.9964202046394348,0.9975522756576538,0.995275616645813
0.3,512,1236,42,44,2.7579253583098762e-05,3.5608251094818115,0.506879985332489,0.5147810578346252,0.49887388944625854
0.3,512,1236,42,43,2.9171098503866233e-05,0.011610308662056923,0.9977626204490662,0.9964436292648315,0.9990991353988647
0.15,-1,1236,41,43,3.1020335882203653e-05,0.06157087907195091,0.9888131022453308,0.9890965223312378,0.988526463508606
0.15,1024,1236,41,43,3.1072344427229837e-05,0.06730463355779648,0.9770668148994446,0.9764129519462585,0.9777277708053589
0.15,256,1236,41,44,3.4676879295147955e-05,0.2181527465581894,0.9796398282051086,0.9875389337539673,0.9716535806655884
0.3,256,1235,41,44,3.691349775181152e-05,0.9090008735656738,0.5356304049491882,0.5994659662246704,0.4710911214351654
0.5,1024,1236,41,44,3.83832557417918e-05,0.4629043936729431,0.8337621688842773,0.8486871123313904,0.8186726570129395
0.5,1024,1236,42,43,4.09582098654937e-05,0.15405167639255524,0.9505537748336792,0.9557679295539856,0.945270299911499
0.5,512,1235,41,43,4.1376493754796684e-05,10.290618896484375,0.31591901183128357,0.485981285572052,0.14398200809955597
0.3,512,1235,42,43,4.496536712395027e-05,1.1758427619934082,0.9365701079368591,0.9339852929115295,0.9391891956329346
0.3,256,1236,41,44,4.708462438429706e-05,3.465102434158325,0.5497259497642517,0.5798842906951904,0.5192350745201111
0.3,1024,1234,42,44,5.821431113872677e-05,1.4560439586639404,0.5329455137252808,0.5652366876602173,0.5002252459526062
0.3,256,1236,42,44,5.8884939790004864e-05,0.5588510036468506,0.8069135546684265,0.8199599981307983,0.7936937212944031
0.5,1024,1235,42,44,6.920337182236835e-05,10.43792724609375,0.16791588068008423,0.11535897105932236,0.22117117047309875
0.3,512,1234,42,43,8.01364949438721e-05,0.18460674583911896,0.8924936056137085,0.887086033821106,0.8979730010032654
0.15,1024,1236,42,44,8.569070632802323e-05,25.41496467590332,0.04038483276963234,0.01711491495370865,0.06396396458148956
0.5,-1,1234,41,43,9.047221101354808e-05,7.7545576095581055,0.2941044867038727,0.28437915444374084,0.30393701791763306
0.15,512,1235,42,43,9.297196083934978e-05,1.2210878133773804,0.986575722694397,0.9793287515640259,0.9939189553260803
0.3,256,1236,41,43,9.300243982579559e-05,0.4209483861923218,0.8446134924888611,0.8041833639144897,0.8854893445968628
0.5,1024,1235,41,43,9.502859029453248e-05,3.3963828086853027,0.5877615213394165,0.5827770233154297,0.5928009152412415
0.3,512,1236,41,44,0.00010087950067827478,8.978414535522461,0.44333818554878235,0.4779706299304962,0.4083239734172821
0.3,1024,1236,41,44,0.0001072620289050974,1.7366666793823242,0.5167244672775269,0.5002225041389465,0.5334083437919617
0.5,1024,1235,41,44,0.00010882652713917196,3.4771993160247803,0.6492896676063538,0.6748998761177063,0.6233971118927002
0.15,512,1234,42,44,0.00011801872460637242,0.003580305725336075,1.0,1.0,1.0
0.15,512,1235,41,44,0.0001522890233900398,6.585960388183594,0.9933997392654419,0.9955496191978455,0.9912261366844177
0.15,256,1236,42,44,0.0001722875895211473,0.0030839729588478804,0.9995525479316711,1.0,0.9990991353988647
0.5,1024,1234,41,43,0.00017249085067305714,0.49638259410858154,0.8177648782730103,0.808411180973053,0.8272216320037842
0.15,512,1236,42,43,0.00019223221170250326,7.140401363372803,0.08625125885009766,0.10535674542188644,0.06689189374446869
0.3,256,1235,42,44,0.00019533296290319413,0.00391350919380784,0.9983220100402832,0.9991108775138855,0.9975225329399109
0.15,-1,1236,42,43,0.0002012329496210441,0.2838973104953766,0.8177648782730103,0.8146254420280457,0.8209459781646729
0.5,256,1234,42,43,0.00021754174667876214,0.0038562992122024298,0.9985457062721252,0.9988886117935181,0.9981982111930847
0.5,1024,1234,41,44,0.00022104542586021125,1.3006418943405151,0.5863072276115417,0.5892300605773926,0.5833520889282227
0.5,256,1234,42,44,0.00022971838188823313,4.723281383514404,0.70265132188797,0.6992664933204651,0.7060810923576355
0.15,512,1236,41,44,0.00023380799393635243,0.47721001505851746,0.6755789518356323,0.6889185309410095,0.6620922684669495
0.3,1024,1235,41,43,0.00027925902395509183,0.17119374871253967,0.9973151683807373,0.9993324279785156,0.995275616645813
0.5,1024,1236,42,44,0.00028433813713490963,2.7254247665405273,0.45955926179885864,0.4583240747451782,0.4608108103275299
0.15,1024,1234,42,43,0.00029253039974719286,13.568432807922363,0.05839579552412033,0.06823738664388657,0.04842342436313629
0.15,-1,1234,41,43,0.00030140395392663777,0.06573871523141861,0.9852332472801208,0.9853137135505676,0.9851518869400024
0.15,1024,1236,42,43,0.00030460802372545004,63.105220794677734,0.031659021973609924,0.03356301411986351,0.029729731380939484
0.3,256,1234,42,44,0.00035979828680865467,1.1270469427108765,0.9087146520614624,0.9339852929115295,0.8831081390380859
0.15,1024,1235,42,43,0.0003773698699660599,2.793478488922119,0.7595928311347961,0.7528339624404907,0.7664414644241333
0.3,1024,1234,41,43,0.00039169081719592214,1.1338306665420532,0.9253831505775452,0.9076546430587769,0.943307101726532
0.15,512,1235,41,43,0.0005346235702745616,0.11510232090950012,0.9351158142089844,1.0,0.8695163130760193
0.15,256,1235,42,44,0.000603536085691303,0.009610110893845558,0.9998881816864014,1.0,0.9997748136520386
0.15,256,1236,42,43,0.0006276945350691676,0.558223307132721,0.6684193015098572,0.6819292902946472,0.6547297239303589
0.3,1024,1234,41,44,0.0006414270610548556,6.7186713218688965,0.32911959290504456,0.3348909616470337,0.3232845962047577
0.3,256,1234,42,43,0.0007263354491442442,0.07918692380189896,0.9682291150093079,0.9719937443733215,0.9644144177436829
0.15,-1,1235,42,43,0.0007965615950524807,0.30634236335754395,0.7866652011871338,0.7792842984199524,0.7941441535949707
0.15,256,1235,42,43,0.0008139807032421231,0.495347797870636,1.0,1.0,1.0
0.3,1024,1235,42,43,0.0008478922536596656,0.7089461088180542,0.7781631350517273,0.8010668754577637,0.754954993724823
0.3,-1,1234,42,43,0.0008895110222510993,9.489627838134766,0.36525338888168335,0.3683040738105774,0.36216217279434204
0.5,512,1236,41,44,0.0008898506057448685,2.5537214279174805,0.8005369901657104,0.7903871536254883,0.8107986450195312
0.3,1024,1236,42,44,0.000942255137488246,5.052770137786865,0.5498378276824951,0.5487886071205139,0.550900936126709
0.15,512,1234,42,43,0.000987954088486731,12.041065216064453,0.13502629101276398,0.13869749009609222,0.13130630552768707
0.3,1024,1235,42,44,0.001109487609937787,2.6324191093444824,0.6027520298957825,0.6032451391220093,0.6022522449493408
0.15,1024,1234,41,44,0.0012275323970243335,0.8226909637451172,0.9972032904624939,0.9991099238395691,0.995275616645813
0.3,512,1235,42,44,0.0014353528385981917,2.7909812927246094,0.5819442868232727,0.5905756950378418,0.5731981992721558
0.15,512,1236,42,44,0.0017055862117558718,0.798342764377594,0.4504978358745575,0.4147588312625885,0.486711710691452
0.5,1024,1235,42,43,0.0017141789430752397,0.5578380823135376,0.794048547744751,0.8112913966178894,0.776576578617096
0.15,1024,1234,41,43,0.002053177449852228,0.12418389320373535,0.9356751441955566,0.9528259634971619,0.9183351993560791
0.3,-1,1235,42,43,0.0023045495618134737,0.0022938463371247053,1.0,1.0,1.0
0.5,-1,1235,42,43,0.002636772347614169,0.9747384786605835,0.9138606190681458,0.8937541842460632,0.9342342615127563
0.3,1024,1236,42,43,0.003176936646923423,37.55507278442383,0.058060187846422195,0.0684596598148346,0.04752252250909805
0.5,-1,1236,42,43,0.00379770970903337,16.131935119628906,0.24029533565044403,0.26761502027511597,0.21261261403560638
0.3,-1,1234,41,43,0.0045056394301354885,0.009490584023296833,0.9994406700134277,1.0,0.9988751411437988
0.3,-1,1235,41,43,0.0048337965272367,2.4398348331451416,0.8786218166351318,0.8664886355400085,0.8908886313438416
0.5,-1,1235,41,43,0.005241126753389835,1.308027982711792,0.9370176196098328,0.960391640663147,0.9133858680725098
0.15,-1,1234,42,43,0.007187917362898588,0.9834079146385193,0.8659805655479431,0.8708601593971252,0.8610360622406006
0.3,-1,1236,42,43,0.007642016280442476,0.003277170704677701,0.9993287920951843,0.9995554685592651,0.9990991353988647
0.5,-1,1236,41,43,0.009616727009415627,15.94088077545166,0.1323414295911789,0.11593235284090042,0.1489313840866089
0.3,-1,1236,41,43,0.026413938030600548,0.0027198288589715958,0.9994406700134277,0.9993324279785156,0.9995500445365906
0.5,-1,1234,42,43,0.03248609974980354,0.3281523883342743,0.799642026424408,0.8217381834983826,0.7772522568702698
0.15,-1,1235,41,43,0.1984781175851822,0.8108110427856445,0.611254096031189,0.698931872844696,0.5226097106933594
