variant,weight_decay,batch_size,model_seed,split_seed,shuffle_seed,original_loss,original_acc,zero_ablated_loss,zero_ablated_acc,mean_ablated_loss,mean_ablated_acc,loss_ratio_zero,loss_ratio_mean
PT,0.15,-1,1234,41,43,2.2355918645189377e-06,1.0,4.258949957147706e-06,1.0,4.182963493803982e-06,1.0,1.9050659580317277,1.871076541381173
PT,0.15,-1,1234,42,43,2.99964563055255e-06,1.0,4.19536672779941e-06,1.0,4.260472906025825e-06,1.0,1.3986207854247779,1.4203254086520296
PT,0.15,-1,1235,41,43,0.4724693298339844,0.9080585837364197,0.48271656036376953,0.9050043225288391,0.48442915081977844,0.9059440493583679,1.0216886682007187,1.02531343355133
PT,0.15,-1,1235,42,43,5.097884354654525e-07,1.0,8.005555400814046e-07,1.0,7.557854360129568e-07,1.0,1.5703681848931563,1.4825472361351262
PT,0.15,-1,1236,41,43,5.85719817536301e-07,1.0,7.76841886818147e-07,1.0,7.106414727786614e-07,1.0,1.3263028901527665,1.2132788604760127
PT,0.15,-1,1236,42,43,7.844296874282009e-07,1.0,9.097400948121503e-07,1.0,8.709161534170562e-07,1.0,1.1597471505633439,1.11025394292815
PT,0.15,1024,1234,41,43,2.8091517378925346e-07,1.0,4.414071383962437e-07,1.0,4.4854891712020617e-07,1.0,1.5713182468647762,1.596741504098009
PT,0.15,1024,1234,41,44,3.0491591473946755e-07,1.0,3.7092888760525966e-07,1.0,3.7077947467878403e-07,1.0,1.2164956621637681,1.216005648624779
PT,0.15,1024,1234,42,43,4.6627724259451497e-07,1.0,5.896502557334315e-07,1.0,5.565922833739023e-07,1.0,1.264591538828766,1.1936938639270613
PT,0.15,1024,1234,42,44,1.55478872443382e-07,1.0,2.5330862740702287e-07,1.0,2.4958382027762127e-07,1.0,1.6292157476204094,1.6052587490207573
PT,0.15,1024,1235,41,43,3.446505161264213e-07,1.0,3.781569262173434e-07,1.0,3.6842914141743677e-07,1.0,1.0972185112835626,1.0689934416993394
PT,0.15,1024,1235,41,44,2.720461793614959e-07,1.0,6.268349466154177e-07,1.0,6.199732638378919e-07,1.0,2.3041490532476008,2.2789265605309947
PT,0.15,1024,1235,42,43,2.3188120223949227e-07,1.0,2.836442831721797e-07,1.0,2.802080132369156e-07,1.0,1.2232310356888065,1.2084119390907344
PT,0.15,1024,1235,42,44,3.473656704500172e-07,1.0,4.3713748709706124e-07,1.0,4.278582252936758e-07,1.0,1.2584360640207863,1.2317228260909585
PT,0.15,1024,1236,41,43,3.828747594525339e-06,1.0,7.406985787383746e-06,1.0,4.302065462979954e-06,1.0,1.9345714504593798,1.1236221131764872
PT,0.15,1024,1236,41,44,1.4468675146872556e-07,1.0,5.305045078785042e-07,1.0,5.200973305363732e-07,1.0,3.66657280292297,3.5946437753065017
PT,0.15,1024,1236,42,43,4.850649020227138e-07,1.0,5.266759330879722e-07,1.0,5.11280461523711e-07,1.0,1.085784460783992,1.0540454677130393
PT,0.15,1024,1236,42,44,4.5697771611230564e-07,1.0,5.283575319481315e-07,1.0,4.937232915835921e-07,1.0,1.1561997736849903,1.0804099941325278
PT,0.15,256,1234,41,43,1.6926802004491037e-07,1.0,3.3691145517877885e-07,1.0,3.264833310367976e-07,1.0,1.9904022927035427,1.928795120012479
PT,0.15,256,1234,41,44,3.3007759725478536e-07,1.0,4.459160720671207e-07,1.0,4.264044548563106e-07,1.0,1.3509431593532844,1.2918309464279425
PT,0.15,256,1234,42,43,2.2506819163936598e-07,1.0,3.369764840499556e-07,1.0,3.387783067410055e-07,1.0,1.4972194942140198,1.505225168751704
PT,0.15,256,1234,42,44,3.027049899628764e-07,1.0,3.6705685602100857e-07,1.0,3.590653818719147e-07,1.0,1.2125893797324723,1.186189173544679
PT,0.15,256,1235,41,43,2.719995393363206e-07,1.0,4.113181546472333e-07,1.0,3.6156748706162034e-07,1.0,1.5122016590574028,1.3292944831592204
PT,0.15,256,1235,41,44,8.78226273925975e-07,1.0,9.552524034006638e-07,1.0,9.312924476034823e-07,1.0,1.0877064735610282,1.0604242610964976
PT,0.15,256,1235,42,43,1.804336875466106e-07,1.0,2.377557137833719e-07,1.0,2.3664475179430156e-07,1.0,1.3176902662478345,1.3115330901452102
PT,0.15,256,1235,42,44,2.905869678215822e-07,1.0,3.363325618011004e-07,1.0,3.2517621662009333e-07,1.0,1.157424795483621,1.1190323470381802
PT,0.15,256,1236,41,43,2.2217410844405094e-07,1.0,2.697215393254737e-07,1.0,2.698615446661279e-07,1.0,1.2140097746511107,1.2146399351213593
PT,0.15,256,1236,41,44,2.656881292750768e-07,1.0,3.8943437630223343e-07,1.0,3.877540279972891e-07,1.0,1.4657575306988502,1.4594330166547747
PT,0.15,256,1236,42,43,5.137914058650495e-07,1.0,6.600241135856777e-07,1.0,6.036001991560624e-07,1.0,1.2846149352662337,1.174796215479326
PT,0.15,256,1236,42,44,2.3562662931908562e-07,1.0,3.4603903031893424e-07,1.0,3.225703153475479e-07,1.0,1.4685905040483693,1.3689892194261417
PT,0.15,512,1234,41,43,3.6237000244909723e-07,1.0,3.8218072972995287e-07,1.0,3.7495470905923867e-07,1.0,1.0546698875374998,1.034728886290496
PT,0.15,512,1234,41,44,1.9861028022205574e-07,1.0,2.5885179866236285e-07,1.0,2.66347171873349e-07,1.0,1.3033152079185137,1.341054307841267
PT,0.15,512,1234,42,43,5.323142318047758e-07,1.0,5.606189006357454e-07,1.0,5.595830998572637e-07,1.0,1.053172857571372,1.0512270129619392
PT,0.15,512,1234,42,44,3.2610009270683804e-07,1.0,4.542805811524886e-07,1.0,4.504061337229359e-07,1.0,1.393070996642997,1.3811898364832673
PT,0.15,512,1235,41,43,4.338261874181626e-07,1.0,5.042828661316889e-07,1.0,4.976640184395364e-07,1.0,1.1624076202795328,1.1471507089078534
PT,0.15,512,1235,41,44,3.517625088989007e-07,1.0,4.736428707019513e-07,1.0,4.6605325110249396e-07,1.0,1.3464847978955028,1.3249088214697755
PT,0.15,512,1235,42,43,2.4963998157545575e-07,1.0,3.853544967569178e-07,1.0,3.717896674970689e-07,1.0,1.543640943750195,1.4893033766095372
PT,0.15,512,1235,42,44,1.582984339165705e-07,1.0,1.8934940726467175e-07,1.0,1.8580180949356873e-07,1.0,1.1961546465106934,1.1737438261170263
PT,0.15,512,1236,41,43,3.37835558639199e-07,1.0,6.637769729422871e-07,1.0,6.612282277274062e-07,1.0,1.9647930952442647,1.9572487585108929
PT,0.15,512,1236,41,44,2.8105520755161706e-07,1.0,3.112659499038273e-07,1.0,3.0663539973829756e-07,1.0,1.1074904201754094,1.0910148308921925
PT,0.15,512,1236,42,43,4.487252454055124e-07,1.0,7.184547712313361e-07,1.0,6.140490995676373e-07,1.0,1.6011017400682894,1.3684300267365657
PT,0.15,512,1236,42,44,4.3625263401736447e-07,1.0,4.583871771046688e-07,1.0,4.483423765577754e-07,1.0,1.0507379013015272,1.0277127095579432
PT,0.3,-1,1234,41,43,2.2205797449714737e-06,1.0,2.876038706745021e-06,1.0,2.5063659450097475e-06,1.0,1.2951747007770567,1.1286989132839924
PT,0.3,-1,1234,42,43,7.249356599459134e-07,1.0,7.584696959384019e-07,1.0,7.534241603934788e-07,1.0,1.0462579479053222,1.0392979708705334
PT,0.3,-1,1235,41,43,7.578098575322656e-07,1.0,9.155941711469495e-07,1.0,9.697209861769807e-07,1.0,1.208210954299926,1.279636278861274
PT,0.3,-1,1235,42,43,3.2628736335027497e-07,1.0,3.842720843749703e-07,1.0,3.6571250916495046e-07,1.0,1.1777105935985874,1.120829520977654
PT,0.3,-1,1236,41,43,1.7110480257542804e-05,1.0,1.3823694644088391e-05,1.0,1.2375090591376647e-05,1.0,0.8079080444275958,0.7232462447055712
PT,0.3,-1,1236,42,43,8.527442787453765e-07,1.0,1.4931969190001837e-06,1.0,1.3897364397053025e-06,1.0,1.7510488856015438,1.6297223849452154
PT,0.3,1024,1234,41,43,4.132007518364844e-07,1.0,6.055191192899656e-07,1.0,5.60416481221182e-07,1.0,1.465435666800498,1.3562813686335091
PT,0.3,1024,1234,41,44,4.407907283621171e-07,1.0,5.56647933080967e-07,1.0,5.367347739593242e-07,1.0,1.2628394774757405,1.2176634838797868
PT,0.3,1024,1234,42,43,2.8272617669244937e-07,1.0,3.6088545130041894e-07,1.0,3.537248574048135e-07,1.0,1.2764486667712822,1.2511217091496865
PT,0.3,1024,1234,42,44,4.6897582706151297e-07,1.0,5.871297616977245e-07,1.0,5.61045396807458e-07,1.0,1.251940351332253,1.1963205018962924
PT,0.3,1024,1235,41,43,4.940423536936578e-07,1.0,5.324404241946468e-07,1.0,5.076633442513412e-07,1.0,1.0777222240439706,1.027570491590139
PT,0.3,1024,1235,41,44,5.286790383252082e-07,1.0,8.086504976745346e-07,1.0,8.04798048648081e-07,1.0,1.5295679212783664,1.5222809877190984
PT,0.3,1024,1235,42,43,3.4189963571407134e-07,1.0,5.610248194898304e-07,1.0,5.488825536303921e-07,1.0,1.6409049934145357,1.605390869996186
PT,0.3,1024,1235,42,44,1.2189439075882547e-06,1.0,2.4135249532264424e-06,1.0,1.950980504261679e-06,1.0,1.9800131394083014,1.6005498629726103
PT,0.3,1024,1236,41,43,3.6575261219695676e-07,1.0,6.350931585075159e-07,1.0,6.332803650366259e-07,1.0,1.7364008822595094,1.7314445445316633
PT,0.3,1024,1236,41,44,9.618920557841193e-07,1.0,1.4748928833796526e-06,1.0,1.507694719293795e-06,1.0,1.5333247369189915,1.5674261058999452
PT,0.3,1024,1236,42,43,6.151056481940032e-07,1.0,6.937687544450455e-07,1.0,6.454085905716056e-07,1.0,1.1278855209377499,1.0492646140814577
PT,0.3,1024,1236,42,44,7.24836979770771e-07,1.0,8.194191423172015e-07,1.0,7.594802013954904e-07,1.0,1.1304874960661389,1.0477945008209644
PT,0.3,256,1234,41,43,2.2887731176979287e-07,1.0,3.6697113614536647e-07,1.0,3.5668352893480915e-07,1.0,1.6033530510637497,1.5584049208580582
PT,0.3,256,1234,41,44,2.8136341256868036e-07,1.0,3.946257436382439e-07,1.0,3.941403008411726e-07,1.0,1.4025481850520147,1.4008228619453624
PT,0.3,256,1234,42,43,3.5663802577801107e-07,1.0,4.261337949174049e-07,1.0,4.1705010289661004e-07,1.0,1.1948635987084881,1.1693932580150677
PT,0.3,256,1234,42,44,4.174048910954298e-07,1.0,4.773126534018957e-07,1.0,4.4849318214801315e-07,1.0,1.1435243419147414,1.0744799395402287
PT,0.3,256,1235,41,43,2.552037585701328e-07,1.0,5.800495728180977e-07,1.0,5.651754122482089e-07,1.0,2.272888048624463,2.2146045787679594
PT,0.3,256,1235,41,44,4.796190751221729e-07,1.0,5.244030489848228e-07,1.0,5.192777052798192e-07,1.0,1.0933740465832016,1.0826877666355201
PT,0.3,256,1235,42,43,1.6807305769361847e-07,1.0,3.1657819477004523e-07,1.0,3.037600890820613e-07,1.0,1.883574911495558,1.8073098285377045
PT,0.3,256,1235,42,44,4.093649579317571e-07,1.0,1.1099302810180234e-06,1.0,1.0372285714765894e-06,1.0,2.7113465857599213,2.5337502670404435
PT,0.3,256,1236,41,43,3.2143256589733937e-07,1.0,4.04278608812092e-07,1.0,4.038772374315158e-07,1.0,1.257740041627308,1.2564913461833485
PT,0.3,256,1236,41,44,3.417003995309642e-07,1.0,4.1876742784552334e-07,1.0,4.197570433461806e-07,1.0,1.225539766474799,1.2284359161486524
PT,0.3,256,1236,42,43,5.000633223062323e-07,1.0,8.361006393897696e-07,1.0,8.028475235732913e-07,1.0,1.6719895303134278,1.6054917202698538
PT,0.3,256,1236,42,44,4.265820336968318e-07,1.0,4.632251204839122e-07,1.0,4.6444802137557417e-07,1.0,1.0858992735102442,1.0887660161179067
PT,0.3,512,1234,41,43,6.912076173648529e-07,1.0,1.8535102981331875e-06,1.0,1.810840785765322e-06,1.0,2.681553633913173,2.6198218021221145
PT,0.3,512,1234,41,44,1.5883057358223596e-07,1.0,2.2057777471218287e-07,1.0,2.2011099076735263e-07,1.0,1.388761431362437,1.3858225516851652
PT,0.3,512,1234,42,43,5.236704510025447e-07,1.0,8.724053373043716e-07,1.0,7.420725864903943e-07,1.0,1.665943410849684,1.4170602619829475
PT,0.3,512,1234,42,44,2.4226486061706964e-07,1.0,3.523994678289455e-07,1.0,3.542105559972697e-07,1.0,1.4546041342163838,1.4620797877788163
PT,0.3,512,1235,41,43,3.7721309809057857e-07,1.0,6.116413260315312e-07,1.0,6.175864086799265e-07,1.0,1.6214742518953051,1.6372347932934932
PT,0.3,512,1235,41,44,5.450210096569208e-07,1.0,7.911653483461123e-07,1.0,7.861946187404101e-07,1.0,1.4516235784087188,1.442503325211817
PT,0.3,512,1235,42,43,2.8105512228648877e-07,1.0,3.680276563500229e-07,1.0,3.451549446253921e-07,1.0,1.3094500941878588,1.22806850776256
PT,0.3,512,1235,42,44,3.7884797166043427e-07,1.0,4.365525398952741e-07,1.0,4.3136182625858055e-07,1.0,1.1523158959567061,1.138614585602731
PT,0.3,512,1236,41,43,1.8815433122654213e-07,1.0,5.296299718793307e-07,1.0,4.457102420474257e-07,1.0,2.8148699444056065,2.3688545415985156
PT,0.3,512,1236,41,44,2.7548077241590363e-07,1.0,1.1518558267198387e-06,1.0,8.334859558090102e-07,1.0,4.181256704844863,3.02556853060752
PT,0.3,512,1236,42,43,4.025047246614122e-07,1.0,1.0091081321661477e-06,1.0,9.134939205068804e-07,1.0,2.5070715207504994,2.269523472737651
PT,0.3,512,1236,42,44,5.121257231621712e-07,1.0,5.574420356424525e-07,1.0,5.382566996559035e-07,1.0,1.0884866946351988,1.051024534234258
PT,0.5,-1,1234,41,43,4.1986879750766093e-07,1.0,1.245352564183122e-06,1.0,1.0219439445791068e-06,1.0,2.96605170847543,2.433960205295942
PT,0.5,-1,1234,42,43,3.618566779550747e-07,1.0,8.672295166434196e-07,1.0,8.383075282836217e-07,1.0,2.39661050763056,2.3166838678259776
PT,0.5,-1,1235,41,43,5.009471351513639e-05,1.0,6.242631206987426e-05,1.0,5.727127427235246e-05,1.0,1.2461656667826198,1.1432598422795177
PT,0.5,-1,1235,42,43,5.353379947337089e-06,1.0,5.7496527006151155e-06,1.0,5.7969832596427295e-06,1.0,1.0740229083637418,1.0828641562283097
PT,0.5,-1,1236,41,43,7.177816883086052e-07,1.0,8.932199193623092e-07,1.0,8.219299729717022e-07,1.0,1.2444172565437133,1.145097438900279
PT,0.5,-1,1236,42,43,4.500136867591209e-07,1.0,1.4180124026097474e-06,1.0,5.63171852263622e-07,1.0,3.151042833434459,1.2514549420028447
PT,0.5,1024,1234,41,43,3.4613540833561274e-07,1.0,8.631999435237958e-07,1.0,7.725214459242125e-07,1.0,2.493821558662492,2.2318475004879477
PT,0.5,1024,1234,41,44,6.091783575357113e-07,1.0,7.953977387842315e-07,1.0,7.670349191357673e-07,1.0,1.305689424033098,1.259130285321737
PT,0.5,1024,1234,42,43,2.5141395099126385e-07,1.0,7.905762231530389e-07,1.0,6.282734830165282e-07,1.0,3.1445201033434693,2.498960302478837
PT,0.5,1024,1234,42,44,2.204190820975782e-07,1.0,4.579225958423194e-07,1.0,4.1480041090835584e-07,1.0,2.0775088594171707,1.8818716009566094
PT,0.5,1024,1235,41,43,4.4248074004826776e-07,1.0,8.165578719854238e-07,1.0,7.976807410159381e-07,1.0,1.8454088462615346,1.8027468064009375
PT,0.5,1024,1235,41,44,5.877741955373494e-07,1.0,7.413574394377065e-07,1.0,7.11631969352311e-07,1.0,1.2612963363591516,1.2107233947242775
PT,0.5,1024,1235,42,43,4.3341614741621015e-07,1.0,7.44915041650529e-07,1.0,7.257578999997349e-07,1.0,1.7187062505430515,1.6745059092198256
PT,0.5,1024,1235,42,44,5.477835429701372e-07,1.0,7.838650617486564e-07,1.0,6.281475180003326e-07,1.0,1.4309759243559264,1.1467075381535814
PT,0.5,1024,1236,41,43,3.033770781257772e-07,1.0,4.147521224240336e-07,1.0,4.1717012777553464e-07,1.0,1.3671175323670346,1.3750878291555697
PT,0.5,1024,1236,41,44,3.663100756057247e-07,1.0,5.602989858743967e-07,1.0,4.954432029080635e-07,1.0,1.5295756878865396,1.3525240933894769
PT,0.5,1024,1236,42,43,5.474522026815976e-07,1.0,1.0632335261107073e-06,1.0,1.0179934406551183e-06,1.0,1.942148594713194,1.8595110873034357
PT,0.5,1024,1236,42,44,1.2013296100121806e-06,1.0,2.1550138171733124e-06,1.0,2.1232556264294544e-06,1.0,1.7938572388567549,1.7674213710656197
PT,0.5,256,1234,41,43,2.6910544193015085e-07,1.0,6.192736918819719e-07,1.0,6.19796367118397e-07,1.0,2.3012306530862014,2.303172922379146
PT,0.5,256,1234,41,44,1.8936809453862224e-07,1.0,3.825078351837874e-07,1.0,3.6435898209674633e-07,1.0,2.0199170093342924,1.9240779867615667
PT,0.5,256,1234,42,43,1.7974664388020756e-06,1.0,2.69056135948631e-06,1.0,3.143979483866133e-06,1.0,1.4968631966666586,1.7491172107566264
PT,0.5,256,1234,42,44,5.915089218433423e-07,1.0,6.972932169446722e-07,1.0,6.733653776791471e-07,1.0,1.1788380381003725,1.1383858346222613
PT,0.5,256,1235,41,43,4.1184102883562446e-07,1.0,5.727813459088793e-07,1.0,5.623906531582179e-07,1.0,1.3907826219458332,1.3655527589085383
PT,0.5,256,1235,41,44,5.596646133199101e-07,1.0,6.308316073955211e-07,1.0,6.252114417293342e-07,1.0,1.127160074769514,1.1171180504348892
PT,0.5,256,1235,42,43,2.63391910948485e-07,1.0,4.844735599363048e-07,1.0,4.6197433789529896e-07,1.0,1.839363852108046,1.753942770040699
PT,0.5,256,1235,42,44,1.889106471253399e-07,1.0,3.8371209143406304e-07,1.0,3.74133520608666e-07,1.0,2.0311829813354816,1.980478741150217
PT,0.5,256,1236,41,43,3.735827363016142e-07,1.0,4.5668093662243336e-07,1.0,4.2771191033352807e-07,1.0,1.2224358682723748,1.144892064788059
PT,0.5,256,1236,41,44,4.4206970528648526e-07,1.0,5.475550324263168e-07,1.0,5.122635116094898e-07,1.0,1.2386169553769157,1.1587844755783823
PT,0.5,256,1236,42,43,4.6511104301316664e-07,1.0,6.041773303877562e-07,1.0,5.826021833854611e-07,1.0,1.2989958838080153,1.2526087955494285
PT,0.5,256,1236,42,44,4.76799584703258e-07,1.0,5.370623625822191e-07,1.0,5.330199428499327e-07,1.0,1.1263901643632226,1.1179119276743166
PT,0.5,512,1234,41,43,2.1380931514158874e-07,1.0,4.126717385588563e-07,1.0,4.1242901716032065e-07,1.0,1.9300924203680132,1.9289571966834187
PT,0.5,512,1234,41,44,2.0544440815228882e-07,1.0,4.866301992478839e-07,1.0,4.84828376556834e-07,1.0,2.368670939377244,2.3599005731878937
PT,0.5,512,1234,42,43,2.053883889630015e-07,1.0,3.7071666270094283e-07,1.0,3.510087651648064e-07,1.0,1.8049543334590519,1.7090000410297626
PT,0.5,512,1234,42,44,1.7867856172415486e-07,1.0,3.387414437838743e-07,1.0,3.316088452720578e-07,1.0,1.8958146993976006,1.855896096723667
PT,0.5,512,1235,41,43,5.991000307403738e-06,1.0,7.114466370694572e-06,1.0,7.20978414392448e-06,1.0,1.1875256227081885,1.2034357826713107
PT,0.5,512,1235,41,44,3.265485872816498e-07,1.0,6.301213488768553e-07,1.0,6.101053600104933e-07,1.0,1.9296404070288398,1.868344815359052
PT,0.5,512,1235,42,43,3.1395458677252464e-07,1.0,9.469591759625473e-07,1.0,9.063209631676727e-07,1.0,3.0162297856430595,2.8867900051555746
PT,0.5,512,1235,42,44,3.1507488529314287e-07,1.0,4.651943754652166e-07,1.0,4.442263161763549e-07,1.0,1.4764565415374313,1.4099070948262051
PT,0.5,512,1236,41,43,3.80332551230822e-07,1.0,6.012089670548448e-07,1.0,5.796058530904702e-07,1.0,1.5807454952494298,1.5239449035186845
PT,0.5,512,1236,41,44,4.106738060727366e-07,1.0,5.663297883984342e-07,1.0,5.454082838696195e-07,1.0,1.379025835161565,1.3280814987577252
PT,0.5,512,1236,42,43,4.3164189378330775e-07,1.0,7.634554890501022e-07,1.0,7.214258630483528e-07,1.0,1.7687242597294577,1.6713527427217756
PT,0.5,512,1236,42,44,3.890800428507646e-07,1.0,5.249999617262802e-07,1.0,4.89290755467664e-07,1.0,1.3493366503191453,1.2575580898024528
POST,0.15,-1,1234,41,43,0.00021077736164443195,1.0,0.00026273721596226096,0.9999216794967651,0.00033035094384104013,0.9998433589935303,1.2465153463941825,1.5672980307928952
POST,0.15,-1,1234,42,43,0.005028262734413147,0.9974156022071838,0.0065707433968782425,0.995927631855011,0.007392105646431446,0.9958493113517761,1.306762145086104,1.470111256486319
POST,0.15,-1,1235,41,43,0.1387908011674881,0.9565353393554688,0.13939087092876434,0.9554389715194702,0.13951335847377777,0.9550473690032959,1.004323555712832,1.005206089310038
POST,0.15,-1,1235,42,43,0.0005572967347688973,0.9996083974838257,0.0007218536920845509,0.9996867179870605,0.0009368487517349422,0.9995300769805908,1.2952770885763272,1.6810591078080503
POST,0.15,-1,1236,41,43,2.1723810277762823e-05,1.0,1.5798010281287134e-05,1.0,3.31276714859996e-05,1.0,0.7272209653505617,1.5249475604153166
POST,0.15,-1,1236,42,43,0.0001408008101861924,1.0,0.00016265976591967046,1.0,0.0001792051480151713,1.0,1.1552473718338139,1.2727565116862163
POST,0.15,1024,1234,41,43,0.0014374315505847335,0.999295175075531,0.0012356287334114313,0.9994518160820007,0.0014072336489334702,0.9994518160820007,0.8596087465234705,0.9789917637198244
POST,0.15,1024,1234,41,44,0.0008584101451560855,0.9996083974838257,0.0007092494051903486,0.9996867179870605,0.0007212623604573309,0.9996083974838257,0.8262360471769414,0.8402304708621345
POST,0.15,1024,1234,42,43,0.00020466356363613158,0.9999216794967651,0.005064413417130709,0.9970240592956543,0.0008252522675320506,0.9995300769805908,24.745066132702824,4.032238337251152
POST,0.15,1024,1234,42,44,1.4974943951528985e-07,1.0,2.502248889868497e-06,1.0,1.5000023267930374e-06,1.0,16.70957098716226,10.016747519378079
POST,0.15,1024,1235,41,43,1.807991247915197e-05,1.0,2.9888340577599593e-05,1.0,2.6113082640222274e-05,1.0,1.653124184758304,1.444314659727108
POST,0.15,1024,1235,41,44,3.5339769510756014e-07,1.0,7.946117648316431e-07,1.0,7.871035450079944e-07,1.0,2.2484916450566974,2.227245836361303
POST,0.15,1024,1235,42,43,0.00026401347713544965,0.9999216794967651,0.00023224586038850248,0.9998433589935303,0.0002661410835571587,0.9998433589935303,0.879674260982332,1.008058703838886
POST,0.15,1024,1235,42,44,4.7236568434527726e-07,1.0,1.110351490751782e-06,1.0,1.1883288379976875e-06,1.0,2.3506184457297854,2.515696794623791
POST,0.15,1024,1236,41,43,2.176387351937592e-05,1.0,4.298490603105165e-05,1.0,2.926496927102562e-05,1.0,1.9750577025171134,1.344658120943941
POST,0.15,1024,1236,41,44,1.370557214386281e-07,1.0,3.492984251352027e-05,1.0,3.6699500924441963e-05,1.0,254.8586964985729,267.77065954795296
POST,0.15,1024,1236,42,43,0.00021310505690053105,0.9999216794967651,0.0017930385656654835,0.9990602135658264,0.0002852031320799142,0.9998433589935303,8.413871504243104,1.338321747160771
POST,0.15,1024,1236,42,44,5.996774052619003e-05,1.0,0.01543213240802288,0.9923251867294312,0.00015051645459607244,1.0,257.3405679889361,2.509957074843208
POST,0.15,256,1234,41,43,1.0704592767751819e-07,1.0,6.222966817404085e-07,1.0,6.12423889378988e-07,1.0,5.813361565842205,5.721132066078674
POST,0.15,256,1234,41,44,6.261899443416041e-07,1.0,8.887120088729716e-07,1.0,1.0189811519012437e-06,1.0,1.4192371131213093,1.627271662710318
POST,0.15,256,1234,42,43,9.101394198296475e-07,1.0,1.0104257853527088e-05,1.0,9.495081940258387e-06,1.0,11.101879155413705,10.432557620716615
POST,0.15,256,1234,42,44,9.678204150986858e-06,1.0,1.0067412404168863e-05,1.0,1.0667771675798576e-05,1.0,1.0402149249085966,1.1022470191136458
POST,0.15,256,1235,41,43,7.372463528554363e-07,1.0,1.260029762306658e-06,1.0,1.5825652326384443e-06,1.0,1.7091027407954262,2.1465894358229036
POST,0.15,256,1235,41,44,6.367968126141932e-06,1.0,1.1614972208917607e-05,1.0,1.3142557691026013e-05,1.0,1.8239683332012218,2.0638541887596578
POST,0.15,256,1235,42,43,0.0005694135907106102,0.9996083974838257,0.0002270405093440786,0.9999216794967651,0.00032617273973301053,0.9997650384902954,0.39872688858855515,0.5728221894492495
POST,0.15,256,1235,42,44,0.00042220696923322976,0.9997650384902954,0.000333833449985832,0.9999216794967651,0.0006046756752766669,0.9997650384902954,0.790686734972914,1.4321783374983568
POST,0.15,256,1236,41,43,6.47355591354426e-06,1.0,8.126850843837019e-06,1.0,1.2215063179610297e-05,1.0,1.2553920831723508,1.8869170735133995
POST,0.15,256,1236,41,44,2.4259084966615774e-05,1.0,3.185748209943995e-05,1.0,3.4058670280501246e-05,1.0,1.313218620705634,1.4039552739673078
POST,0.15,256,1236,42,43,0.0004391125694382936,0.9997650384902954,0.0009514809353277087,0.9993734955787659,0.0009534396813251078,0.999295175075531,2.1668269176280455,2.1712876097915714
POST,0.15,256,1236,42,44,0.0001205357548315078,1.0,0.0005702976486645639,0.9997650384902954,0.00044359598541632295,0.9997650384902954,4.731356678868943,3.6802024929151385
POST,0.15,512,1234,41,43,4.677449965129199e-07,1.0,4.3956029571745603e-07,1.0,5.023267704018508e-07,1.0,0.9397434478068535,1.0739329637874078
POST,0.15,512,1234,41,44,1.863751094788313e-06,1.0,4.515254204306984e-06,1.0,4.937734956911299e-06,1.0,2.422670182157469,2.649353216059215
POST,0.15,512,1234,42,43,0.0006959851598367095,0.9998433589935303,0.0005992110818624496,0.9997650384902954,0.0007539735524915159,0.9998433589935303,0.8609538197668399,1.0833184326349883
POST,0.15,512,1234,42,44,8.257121226051822e-05,1.0,0.00012484737089835107,1.0,0.00017137164832092822,1.0,1.5119963420719618,2.0754406242727566
POST,0.15,512,1235,41,43,0.0003764345310628414,1.0,0.0004842757189180702,0.9998433589935303,0.00042471502092666924,0.9998433589935303,1.2864805934533832,1.1282573352861933
POST,0.15,512,1235,41,44,0.00010651072807377204,0.9999216794967651,0.00017361699428875,1.0,0.00013345562911126763,1.0,1.6300423199482632,1.2529782823269489
POST,0.15,512,1235,42,43,6.504588236566633e-05,1.0,0.00014497400843538344,0.9999216794967651,0.00014826111146248877,0.9999216794967651,2.2287960922781824,2.279331236203609
POST,0.15,512,1235,42,44,5.414754014054779e-07,1.0,2.035643774433993e-06,1.0,1.6350560372302425e-06,1.0,3.7594390606668084,3.0196312389929765
POST,0.15,512,1236,41,43,5.225667791819433e-07,1.0,8.092873758869246e-05,1.0,7.861215271987021e-05,1.0,154.86774286605637,150.43465419469314
POST,0.15,512,1236,41,44,0.0001662896538618952,1.0,0.0007689718622714281,0.9996867179870605,0.00035538506926968694,0.9998433589935303,4.6242916766792055,2.137144801352686
POST,0.15,512,1236,42,43,0.0001344889315078035,0.9998433589935303,0.00021620866027660668,0.9999216794967651,0.00021467973419930786,0.9998433589935303,1.6076316307417575,1.5962632150650362
POST,0.15,512,1236,42,44,0.0012067877687513828,0.9996867179870605,0.002777224639430642,0.998590350151062,0.00155831896699965,0.9996083974838257,2.3013364166792396,1.2912949628350834
POST,0.3,-1,1234,41,43,0.0031682250555604696,0.9990602135658264,0.005868428386747837,0.9970240592956543,0.004441042430698872,0.9983553886413574,1.852276364158004,1.4017446212997127
POST,0.3,-1,1234,42,43,0.0006222643423825502,0.9995300769805908,0.00354801956564188,0.998042106628418,0.003012358909472823,0.9983553886413574,5.701788330112381,4.840963404618341
POST,0.3,-1,1235,41,43,0.0034762995783239603,0.9992168545722961,0.004564759321510792,0.9988252520561218,0.003979455679655075,0.9989818930625916,1.3131087291710384,1.1447389932871388
POST,0.3,-1,1235,42,43,0.0016774069517850876,0.9998433589935303,0.002736542373895645,0.9995300769805908,0.0020788307301700115,0.9997650384902954,1.6314123242326086,1.239312098926102
POST,0.3,-1,1236,41,43,0.01870616339147091,0.9928733706474304,0.02900005504488945,0.9869997501373291,0.025505777448415756,0.9876262545585632,1.5502941163291692,1.3634959192137248
POST,0.3,-1,1236,42,43,0.005567880347371101,0.9985120296478271,0.007497420068830252,0.9982770681381226,0.007254516705870628,0.998042106628418,1.3465483453447757,1.302922522265745
POST,0.3,1024,1234,41,43,0.0002739184128586203,1.0,0.0008652973338030279,0.9995300769805908,0.0009681786759756505,0.9995300769805908,3.1589600887824973,3.5345512770452725
POST,0.3,1024,1234,41,44,0.00044855958549305797,0.9998433589935303,0.001230659894645214,0.9993734955787659,0.0013829880626872182,0.9994518160820007,2.74358175467919,3.083175808554027
POST,0.3,1024,1234,42,43,7.618386462127091e-06,1.0,7.085714605636895e-05,1.0,2.1451500288094394e-05,1.0,9.300807514638116,2.8157537550418557
POST,0.3,1024,1234,42,44,4.0743700083112344e-05,1.0,0.00011098624236183241,1.0,0.00013788753130938858,0.9999216794967651,2.7240098993324997,3.3842663044376007
POST,0.3,1024,1235,41,43,0.00021058092534076422,1.0,0.00022307144536171108,1.0,0.00022312399232760072,1.0,1.0593145841710714,1.0595641175312491
POST,0.3,1024,1235,41,44,5.206008154345909e-06,1.0,2.3522556148236617e-05,1.0,2.1325131456251256e-05,1.0,4.518347926251381,4.096253948132853
POST,0.3,1024,1235,42,43,0.0005931875784881413,0.9997650384902954,0.0009316629730165005,0.9996867179870605,0.0010540272342041135,0.9996083974838257,1.5706043194482129,1.7768868945140681
POST,0.3,1024,1235,42,44,0.000776133791077882,0.9995300769805908,0.0013084938982501626,0.9991385340690613,0.0014252486871555448,0.9990602135658264,1.6859128069052984,1.8363440730704206
POST,0.3,1024,1236,41,43,1.8108314634446288e-06,1.0,6.824921001680195e-05,0.9999216794967651,7.467061368515715e-05,0.9999216794967651,37.68943239310402,41.23554024354979
POST,0.3,1024,1236,41,44,7.502762309741229e-05,1.0,0.0025473085697740316,0.9986686706542969,0.0017982617719098926,0.9991385340690613,33.95160961539096,23.96799602161347
POST,0.3,1024,1236,42,43,0.0022541575599461794,0.9995300769805908,0.02144361101090908,0.9887226819992065,0.003173667471855879,0.9989818930625916,9.512915774805498,1.4079173205317794
POST,0.3,1024,1236,42,44,0.0006591598503291607,0.9997650384902954,0.0008988005574792624,0.9997650384902954,0.0008763759396970272,0.9995300769805908,1.3635547690449195,1.3295347695394322
POST,0.3,256,1234,41,43,1.8682843005990435e-07,1.0,5.059603154222714e-07,1.0,4.3362160795368254e-07,1.0,2.708154830932536,2.320961578570493
POST,0.3,256,1234,41,44,3.5053861324740865e-07,1.0,7.096099921000132e-07,1.0,6.666494414275803e-07,1.0,2.0243418707176017,1.901786040777944
POST,0.3,256,1234,42,43,0.0005081239505670965,0.9996867179870605,0.0006377982790581882,0.9996867179870605,0.0009310349705629051,0.9991385340690613,1.2552021575569652,1.8322989292746679
POST,0.3,256,1234,42,44,0.00025171859306283295,0.9998433589935303,0.0005296531599014997,0.9998433589935303,0.0005265248473733664,0.9996867179870605,2.1041479433713897,2.0917201266969476
POST,0.3,256,1235,41,43,5.562699243455427e-07,1.0,2.498352159818751e-06,1.0,2.2880151391291292e-06,1.0,4.491258740544149,4.1131383146788005
POST,0.3,256,1235,41,44,2.583499372121878e-05,1.0,7.147206633817405e-05,0.9999216794967651,6.162401405163109e-05,1.0,2.7664828220752637,2.385292395136837
POST,0.3,256,1235,42,43,2.2686768375024258e-07,1.0,7.204308985819807e-06,1.0,3.0247272206906928e-06,1.0,31.755554016018397,13.332560947819253
POST,0.3,256,1235,42,44,0.0001366666838293895,1.0,0.00037114755832590163,0.9998433589935303,0.000424494530307129,0.9998433589935303,2.715713500367294,3.1060571487712028
POST,0.3,256,1236,41,43,6.506154750240967e-05,1.0,9.810049959924072e-05,0.9999216794967651,7.44966819183901e-05,0.9999216794967651,1.5078107325314911,1.1450185982070435
POST,0.3,256,1236,41,44,3.294898851891048e-05,1.0,5.684600182576105e-05,1.0,3.8029418647056445e-05,1.0,1.7252730472480302,1.154190776607001
POST,0.3,256,1236,42,43,7.839134013920557e-06,1.0,6.998387834755704e-05,1.0,9.819214756134897e-05,1.0,8.927501203995396,12.525892195104916
POST,0.3,256,1236,42,44,4.121875099372119e-05,1.0,9.446064359508455e-05,1.0,5.18668930453714e-05,1.0,2.29169107063612,1.258332477208546
POST,0.3,512,1234,41,43,2.6108455131179653e-06,1.0,2.8432876206352375e-05,1.0,1.6963082089205272e-05,1.0,10.890294375325492,6.497160404158633
POST,0.3,512,1234,41,44,3.737432336947677e-07,1.0,7.008086868154351e-06,1.0,3.376169161128928e-06,1.0,18.751073561582615,9.033392063724184
POST,0.3,512,1234,42,43,5.608223000308499e-05,1.0,0.0005107480101287365,0.9998433589935303,0.00010648903116816655,1.0,9.107127339633983,1.8988016553961704
POST,0.3,512,1234,42,44,2.202789346483769e-06,1.0,4.3526564695639536e-05,1.0,2.7086764021078125e-05,1.0,19.759749049594497,12.296574824240786
POST,0.3,512,1235,41,43,4.629071099770954e-06,1.0,7.822424231562763e-05,1.0,6.612147990381345e-05,1.0,16.898475013593583,14.283962911497543
POST,0.3,512,1235,41,44,6.524575724142778e-07,1.0,1.2610020121428533e-06,1.0,1.2859434264100855e-06,1.0,1.9326958034631871,1.9709226787754652
POST,0.3,512,1235,42,43,3.148208270431496e-05,1.0,3.5041004593949765e-05,1.0,2.7035890525439754e-05,1.0,1.1130459481687027,0.8587707102914824
POST,0.3,512,1235,42,44,0.0010041086934506893,0.9996867179870605,0.0015490927034989,0.9995300769805908,0.0013120645890012383,0.9996867179870605,1.5427540002420805,1.306695776621789
POST,0.3,512,1236,41,43,5.487979706231272e-06,1.0,4.161761899013072e-05,1.0,2.899667560996022e-05,1.0,7.583413426780061,5.283670341753676
POST,0.3,512,1236,41,44,7.057221955619752e-05,0.9999216794967651,0.00010309796198271215,1.0,0.00011196656851097941,0.9999216794967651,1.4608859212740783,1.5865530263196421
POST,0.3,512,1236,42,43,2.0434985344763845e-05,1.0,4.677555989474058e-05,1.0,5.905138095840812e-05,1.0,2.28899405140636,2.8897197606035543
POST,0.3,512,1236,42,44,1.9316177713335492e-05,1.0,0.00019716376846190542,0.9999216794967651,9.047266212292016e-05,1.0,10.207183397665036,4.683776649065497
POST,0.5,-1,1234,41,43,6.331498298095539e-05,1.0,0.0001628945756237954,1.0,0.00010544103133725002,1.0,2.5727650542493663,1.6653409094173774
POST,0.5,-1,1234,42,43,0.023177102208137512,0.9913854002952576,0.0853387862443924,0.9557521939277649,0.0845855250954628,0.9568486213684082,3.6820300259292047,3.6495297960831663
POST,0.5,-1,1235,41,43,0.0037197761703282595,0.998590350151062,0.004903936758637428,0.998042106628418,0.004744783043861389,0.9979637861251831,1.3183418931910278,1.275556062138727
POST,0.5,-1,1235,42,43,0.0018465227913111448,0.999295175075531,0.003512804862111807,0.9981987476348877,0.0034888240043073893,0.997885525226593,1.902389116799094,1.889402080886372
POST,0.5,-1,1236,41,43,0.006724717561155558,0.9967107772827148,0.01139033306390047,0.9950661659240723,0.010153466835618019,0.9951444864273071,1.6938009604589528,1.5098726070323278
POST,0.5,-1,1236,42,43,0.0026566425804048777,0.9986686706542969,0.01204046979546547,0.9944396615028381,0.008901822380721569,0.9955360293388367,4.532212908230386,3.350779079722841
POST,0.5,1024,1234,41,43,0.00012064263137290254,1.0,0.0002574422105681151,1.0,0.0005802581436000764,0.9996083974838257,2.1339240336392318,4.8097271834739495
POST,0.5,1024,1234,41,44,0.00015459753922186792,1.0,0.0003232394519727677,0.9999216794967651,0.0005342162330634892,0.9995300769805908,2.0908447417709306,3.4555286956852416
POST,0.5,1024,1234,42,43,6.4090763771673664e-06,1.0,1.4291772458818741e-05,1.0,1.720802356430795e-05,1.0,2.2299270000485323,2.6849459347391047
POST,0.5,1024,1234,42,44,4.732394813800056e-07,1.0,7.122577244444983e-06,1.0,7.909344276413321e-06,1.0,15.050682634667245,16.713196146164766
POST,0.5,1024,1235,41,43,6.646485417149961e-05,1.0,8.921486005419865e-05,0.9999216794967651,8.978222467703745e-05,0.9999216794967651,1.3422862528818176,1.3508225632357802
POST,0.5,1024,1235,41,44,7.6116448326502e-05,1.0,4.020092455903068e-05,1.0,8.28264164738357e-05,1.0,0.5281502939625947,1.0881539837296568
POST,0.5,1024,1235,42,43,0.0011991561623290181,0.9996867179870605,0.0030663369689136744,0.998042106628418,0.0031551215797662735,0.9984337091445923,2.557078940376032,2.6311181803363723
POST,0.5,1024,1235,42,44,4.843405622523278e-05,1.0,0.0002445305581204593,1.0,4.080831058672629e-05,1.0,5.048731763933201,0.842554057354922
POST,0.5,1024,1236,41,43,3.154681053274544e-06,1.0,0.00036755617475137115,0.9999216794967651,0.0005767616094090044,0.9997650384902954,116.51135837324968,182.82723345687472
POST,0.5,1024,1236,41,44,2.6867979613598436e-05,1.0,0.0001335984852630645,0.9998433589935303,0.0002286425733473152,0.9998433589935303,4.972405338414339,8.509853611456311
POST,0.5,1024,1236,42,43,2.867660077754408e-05,1.0,8.663207700010389e-05,1.0,9.546689398121089e-05,1.0,3.0210023033114606,3.3290868301227876
POST,0.5,1024,1236,42,44,0.0001989258744288236,1.0,0.004287604708224535,0.997337281703949,0.0014317265013232827,0.9990602135658264,21.55378087710081,7.197286453731587
POST,0.5,256,1234,41,43,1.005550487320761e-07,1.0,5.364215098779823e-07,1.0,4.5628866018887493e-07,1.0,5.33460543892978,4.5377001547145905
POST,0.5,256,1234,41,44,8.300414151563018e-07,1.0,3.994060534751043e-05,1.0,1.8635944798006676e-05,1.0,48.11881024031719,22.451825243560183
POST,0.5,256,1234,42,43,0.00015220377827063203,1.0,0.00128459301777184,0.9994518160820007,0.0014744664076715708,0.9991385340690613,8.43995485767586,9.687449447213043
POST,0.5,256,1234,42,44,0.00016072997823357582,1.0,0.0010946126421913505,0.9995300769805908,0.0001261789002455771,1.0,6.810258137412542,0.7850365042805615
POST,0.5,256,1235,41,43,4.709835081939673e-07,1.0,1.4369762538990472e-05,1.0,1.3194755410950165e-05,1.0,30.51011827164128,28.015323639561725
POST,0.5,256,1235,41,44,5.724356242353679e-07,1.0,2.2816027922090143e-05,1.0,4.706014351540944e-06,1.0,39.85780576211815,8.221036833315559
POST,0.5,256,1235,42,43,1.7934275092557073e-05,1.0,0.0007758359424769878,0.9996867179870605,0.0005084786098450422,0.9996867179870605,43.25995550268818,28.352336920273217
POST,0.5,256,1235,42,44,9.109319876188238e-07,1.0,2.3211994630401023e-05,1.0,3.423310408834368e-05,1.0,25.481589126184026,37.58030737050854
POST,0.5,256,1236,41,43,5.153523034095997e-06,1.0,2.524981573515106e-05,1.0,2.061469785985537e-05,1.0,4.8995251535885,4.000117535803638
POST,0.5,256,1236,41,44,5.744254849560093e-06,1.0,3.1221228709910065e-05,1.0,4.168072700849734e-05,1.0,5.435209531537594,7.256072040691116
POST,0.5,256,1236,42,43,1.1788963092840277e-05,1.0,8.415379124926403e-05,1.0,0.0001007115570246242,0.9999216794967651,7.138353949074,8.542868124321194
POST,0.5,256,1236,42,44,1.7123336874647066e-05,1.0,9.450496872887015e-05,1.0,7.598824595334008e-05,1.0,5.519074314819729,4.437700812033245
POST,0.5,512,1234,41,43,7.639065557896174e-08,1.0,5.045312150286918e-07,1.0,4.973709337718901e-07,1.0,6.604619520605888,6.510887097411792
POST,0.5,512,1234,41,44,9.884249863034711e-08,1.0,5.750134732807055e-07,1.0,5.75174567529757e-07,1.0,5.817472051482135,5.8191018590171915
POST,0.5,512,1234,42,43,1.4824462368778768e-07,1.0,8.524523309461074e-07,1.0,6.633695761593117e-07,1.0,5.750308576056185,4.474830585130756
POST,0.5,512,1234,42,44,3.161908580295858e-06,1.0,0.00012630867422558367,1.0,8.292231359519064e-05,1.0,39.9469722220005,26.225398834090154
POST,0.5,512,1235,41,43,2.8951653803233057e-05,1.0,0.00011051388719351962,1.0,0.00019075098680332303,0.9998433589935303,3.8171873684527977,6.588604164022633
POST,0.5,512,1235,41,44,1.6237355282555654e-07,1.0,1.2463505072446424e-06,1.0,5.423795528258779e-07,1.0,7.675822112383285,3.3403195495055455
POST,0.5,512,1235,42,43,8.43673296913039e-06,1.0,5.1962255383841693e-05,1.0,0.00012187434185761958,1.0,6.159049429911928,14.445679661019508
POST,0.5,512,1235,42,44,1.2911637895740569e-05,1.0,0.0002833306207321584,1.0,7.865191582823172e-05,1.0,21.943817122196915,6.091552168929573
POST,0.5,512,1236,41,43,9.636553841119166e-06,1.0,3.146364542772062e-05,1.0,1.5534515114268288e-05,1.0,3.2650308343077246,1.6120405043535924
POST,0.5,512,1236,41,44,0.0006222779047675431,0.9997650384902954,0.0016984831308946013,0.9990602135658264,0.0010404015192762017,0.9994518160820007,2.7294607728826294,1.6719242500902425
POST,0.5,512,1236,42,43,5.564364073507022e-06,1.0,1.152089680545032e-05,1.0,1.4077168088988401e-05,1.0,2.0704786123365766,2.5298790487150957
POST,0.5,512,1236,42,44,1.2729128684441093e-05,1.0,0.00015294803597498685,1.0,9.747484000399709e-05,1.0,12.015593507349513,7.657620754760795
PT-G,0.15,-1,1234,41,43,0.6177117824554443,0.7122719287872314,0.6733918786048889,0.6859581470489502,0.6509682536125183,0.6944161653518677,1.0901392813459259,1.0538381687085154
PT-G,0.15,-1,1234,42,43,0.00044843836803920567,0.9998433589935303,0.0004585925489664078,0.9998433589935303,0.00047132509644143283,0.9998433589935303,1.0226434258326316,1.051036508098759
PT-G,0.15,-1,1235,41,43,0.00037253284244798124,1.0,0.0003735458885785192,1.0,0.0003732663462869823,1.0,1.0027193471691813,1.0019689642238818
PT-G,0.15,-1,1235,42,43,0.008613966405391693,0.9963192343711853,0.008635947480797768,0.9961625933647156,0.008626114577054977,0.9961625933647156,1.0025517948842146,1.0014102877921234
PT-G,0.15,-1,1236,41,43,0.07501454651355743,0.9907588362693787,0.07488662749528885,0.9912287592887878,0.07471448183059692,0.991150438785553,0.9982947438301788,0.9959999133913809
PT-G,0.15,-1,1236,42,43,0.008915454149246216,0.9972589612007141,0.008833706378936768,0.9972589612007141,0.008822042495012283,0.9972589612007141,0.9908307788990918,0.9895225018635949
PT-G,0.15,1024,1234,41,43,5.063061507826205e-07,1.0,5.944881422692561e-07,1.0,5.093351092000376e-07,1.0,1.1741673320585353,1.005982464192337
PT-G,0.15,1024,1234,41,44,6.899692380102351e-06,1.0,1.2829726074414793e-05,1.0,8.580951543990523e-06,1.0,1.8594634902004827,1.2436716119020992
PT-G,0.15,1024,1234,42,43,2.3308632535190554e-06,1.0,2.6787718070409028e-06,1.0,2.748874067037832e-06,1.0,1.1492616750453237,1.17933733902565
PT-G,0.15,1024,1234,42,44,4.939056452712975e-07,1.0,8.354697342838335e-07,1.0,7.302110134332906e-07,1.0,1.6915573698796622,1.478442330887295
PT-G,0.15,1024,1235,41,43,0.0004928939160890877,0.9998433589935303,0.000492060324177146,0.9998433589935303,0.0004880857595708221,0.9998433589935303,0.9983087802775981,0.9902450479478092
PT-G,0.15,1024,1235,41,44,3.5876946640200913e-06,1.0,4.734723916044459e-06,1.0,3.7672493817808572e-06,1.0,1.319712060094628,1.0500473798847672
PT-G,0.15,1024,1235,42,43,6.784903689549537e-06,1.0,7.560015092167305e-06,1.0,7.1474728429166134e-06,1.0,1.1142405902992603,1.0534376271140773
PT-G,0.15,1024,1235,42,44,1.173401074083813e-06,1.0,1.676425654295599e-06,1.0,1.1872932645928813e-06,1.0,1.42868938108357,1.0118392515704107
PT-G,0.15,1024,1236,41,43,2.28096700993774e-06,1.0,3.0424805572693003e-06,1.0,2.4791343093966134e-06,1.0,1.3338555726644843,1.086878634629741
PT-G,0.15,1024,1236,41,44,7.660421033506282e-06,1.0,1.0998398465744685e-05,1.0,6.955247499718098e-06,1.0,1.4357433380800173,0.9079458517092218
PT-G,0.15,1024,1236,42,43,4.52158237749245e-05,1.0,4.15649737988133e-05,1.0,4.847030504606664e-05,1.0,0.9192572495353747,1.071976600212844
PT-G,0.15,1024,1236,42,44,8.508534847351257e-06,1.0,6.952431704121409e-06,1.0,7.071450454532169e-06,1.0,0.8171126790749091,0.8311008394980649
PT-G,0.15,256,1234,41,43,7.924007832116331e-07,1.0,1.7394371525369934e-06,1.0,1.983529273275053e-06,1.0,2.195148199484335,2.503189440620852
PT-G,0.15,256,1234,41,44,7.454110163962469e-05,1.0,7.672502397326753e-05,1.0,7.630211621290073e-05,1.0,1.0292982299108109,1.0236247457381273
PT-G,0.15,256,1234,42,43,0.0016516826581209898,0.9989035725593567,0.001716587576083839,0.9989818930625916,0.0017499543027952313,0.9989818930625916,1.0392962398943433,1.059497897002829
PT-G,0.15,256,1234,42,44,0.001146158087067306,0.9996083974838257,0.00112662382889539,0.9995300769805908,0.0011314231669530272,0.9995300769805908,0.9829567505631804,0.9871440769990278
PT-G,0.15,256,1235,41,43,7.765078771626577e-05,1.0,7.077748159645125e-05,1.0,7.522217492805794e-05,1.0,0.9114843992963804,0.9687239130518299
PT-G,0.15,256,1235,41,44,0.0011910207103937864,0.9998433589935303,0.001200348255224526,0.9998433589935303,0.0012355768121778965,0.9997650384902954,1.0078315555299249,1.0374100142804221
PT-G,0.15,256,1235,42,43,0.0019227205775678158,0.999295175075531,0.001976770581677556,0.9993734955787659,0.0021404942963272333,0.9993734955787659,1.0281112111350637,1.1132633214103813
PT-G,0.15,256,1235,42,44,0.0006330584292300045,1.0,0.000614116492215544,0.9998433589935303,0.0005906900623813272,0.9998433589935303,0.9700786907813551,0.9330735286153437
PT-G,0.15,256,1236,41,43,7.449324925801193e-07,1.0,9.333951425105624e-07,1.0,8.925117640501412e-07,1.0,1.2529929246040687,1.1981109334603892
PT-G,0.15,256,1236,41,44,5.5937775869097095e-06,1.0,5.451943707157625e-06,1.0,5.386830252973596e-06,1.0,0.9746443476615878,0.9630040110246066
PT-G,0.15,256,1236,42,43,0.0010427103843539953,0.9995300769805908,0.0009940355084836483,0.9996867179870605,0.0009614562150090933,0.9996867179870605,0.9533188921864404,0.9220740767866789
PT-G,0.15,256,1236,42,44,1.4186145563144237e-05,1.0,1.977420470211655e-05,1.0,1.9009554307558574e-05,1.0,1.3939096151311285,1.3400084062964648
PT-G,0.15,512,1234,41,43,4.005189282452193e-07,1.0,4.111445548460324e-07,1.0,4.049474853218271e-07,1.0,1.0265296490414744,1.0110570481550285
PT-G,0.15,512,1234,41,44,0.0002963815932162106,1.0,0.00035564182326197624,0.9998433589935303,0.0003408800112083554,0.9998433589935303,1.199945716610462,1.150138939160379
PT-G,0.15,512,1234,42,43,6.315506198006915e-06,1.0,7.25416293789749e-06,1.0,6.99928341418854e-06,1.0,1.1486273167124437,1.1082695820007928
PT-G,0.15,512,1234,42,44,8.251196845776576e-07,1.0,8.844991157275217e-07,1.0,8.537018629795057e-07,1.0,1.0719646279924322,1.0346400394222544
PT-G,0.15,512,1235,41,43,0.006747088395059109,0.9977288842201233,0.007087354082614183,0.9979637861251831,0.0070868139155209064,0.997885525226593,1.0504314850542422,1.0503514257661986
PT-G,0.15,512,1235,41,44,0.00019373663235455751,0.9999216794967651,0.00022306323808152229,0.9998433589935303,0.00019683425489347428,0.9999216794967651,1.1513735702460965,1.015988832371401
PT-G,0.15,512,1235,42,43,3.499221747915726e-07,1.0,3.421732230890484e-07,1.0,3.5473203752189875e-07,1.0,0.9778552139282405,1.0137455213668327
PT-G,0.15,512,1235,42,44,0.009153538383543491,0.9949095249176025,0.009101001545786858,0.9949095249176025,0.009147942066192627,0.9949095249176025,0.9942604886159557,0.9993886170444289
PT-G,0.15,512,1236,41,43,0.007085601799190044,0.9978072047233582,0.008224446326494217,0.997337281703949,0.008211823180317879,0.997337281703949,1.1607265775836224,1.158945056897859
PT-G,0.15,512,1236,41,44,0.00331080867908895,0.9984337091445923,0.0032917510252445936,0.9984337091445923,0.0032898078206926584,0.9984337091445923,0.9942438069693593,0.9936568795023001
PT-G,0.15,512,1236,42,43,0.004198769573122263,0.9984337091445923,0.00415218947455287,0.9985120296478271,0.004200860857963562,0.9984337091445923,0.988906250329247,1.0004980708764506
PT-G,0.15,512,1236,42,44,0.007010222878307104,0.9970240592956543,0.006977949757128954,0.9971806406974792,0.007013145834207535,0.9971806406974792,0.9953962774453265,1.0004169562011325
PT-G,0.3,-1,1234,41,43,0.395395427942276,0.9051609039306641,0.3956930637359619,0.9054741859436035,0.39502424001693726,0.9057091474533081,1.000752754768144,0.9990612235268614
PT-G,0.3,-1,1234,42,43,2.04810803552391e-05,1.0,1.3882015082344878e-05,1.0,1.920194335980341e-05,1.0,0.6777970127339417,0.9375454334805885
PT-G,0.3,-1,1235,41,43,0.0033398058731108904,0.998746931552887,0.0035144502762705088,0.998746931552887,0.0034243178088217974,0.998746931552887,1.0522917827547098,1.0253044455042495
PT-G,0.3,-1,1235,42,43,0.01746978424489498,0.9969457387924194,0.017986884340643883,0.9967890977859497,0.017804013565182686,0.9967890977859497,1.029599684146071,1.0191318516360826
PT-G,0.3,-1,1236,41,43,0.07883181422948837,0.9789333343505859,0.08030025660991669,0.9798731207847595,0.08045700192451477,0.9796381592750549,1.0186275350222629,1.0206158859961703
PT-G,0.3,-1,1236,42,43,0.0038627232424914837,0.9993734955787659,0.0038812318816781044,0.9994518160820007,0.00391830550506711,0.9993734955787659,1.0047916037532842,1.0143893981231167
PT-G,0.3,1024,1234,41,43,0.0012895793188363314,0.9993734955787659,0.0011481523979455233,0.9995300769805908,0.0012866862816736102,0.9993734955787659,0.8903309638848531,0.9977566039401657
PT-G,0.3,1024,1234,41,44,2.8962305805180222e-05,1.0,3.056220157304779e-05,1.0,2.9204165912233293e-05,1.0,1.0552406213313792,1.008350858135398
PT-G,0.3,1024,1234,42,43,8.599788088758942e-06,1.0,6.277100328588858e-05,1.0,6.643549568252638e-05,1.0,7.299133727252951,7.725247994118174
PT-G,0.3,1024,1234,42,44,0.0023236253764480352,0.9991385340690613,0.0023087537847459316,0.9992168545722961,0.002309682546183467,0.9992168545722961,0.9935998324631672,0.9939995360672632
PT-G,0.3,1024,1235,41,43,9.646563512433204e-07,1.0,7.526315357608837e-07,1.0,8.079352937784279e-07,1.0,0.7802068941865531,0.8375369039317485
PT-G,0.3,1024,1235,41,44,0.011188293807208538,0.997337281703949,0.011545570567250252,0.9970240592956543,0.011321156285703182,0.9972589612007141,1.031933087045991,1.0118751331332614
PT-G,0.3,1024,1235,42,43,0.00534034101292491,0.997337281703949,0.005445845890790224,0.9972589612007141,0.005417719949036837,0.997337281703949,1.0197562061317746,1.014489512172472
PT-G,0.3,1024,1235,42,44,0.003599379910156131,0.9985120296478271,0.004063247237354517,0.9981987476348877,0.004247208125889301,0.9982770681381226,1.1288742335560418,1.1799832837609714
PT-G,0.3,1024,1236,41,43,2.1197098249103874e-05,1.0,2.2256239390117116e-05,1.0,2.4217162717832252e-05,1.0,1.0499663269267536,1.1424753724890648
PT-G,0.3,1024,1236,41,44,0.0030985611956566572,0.9984337091445923,0.0031162507366389036,0.9984337091445923,0.0031017011497169733,0.9984337091445923,1.0057089532416021,1.0010133587371834
PT-G,0.3,1024,1236,42,43,0.0008566841715946794,0.9996867179870605,0.0008243125630542636,0.9997650384902954,0.0008644556510262191,0.9996867179870605,0.9622129022412572,1.0090715805068202
PT-G,0.3,1024,1236,42,44,2.936897772087832e-06,1.0,2.273073050673702e-06,1.0,2.57748047260975e-06,1.0,0.773970777014067,0.8776200850795793
PT-G,0.3,256,1234,41,43,0.0007250779308378696,0.9999216794967651,0.0007793026743456721,0.9999216794967651,0.0007599450764246285,0.9999216794967651,1.07478471099671,1.0480874456439018
PT-G,0.3,256,1234,41,44,1.122093138405944e-07,1.0,2.0166866931958793e-07,1.0,1.995711187419147e-07,1.0,1.7972542778942604,1.778561082954551
PT-G,0.3,256,1234,42,43,0.00035023369127884507,1.0,0.0003327215672470629,1.0,0.00033058697590604424,1.0,0.9499987452154066,0.9439039822209487
PT-G,0.3,256,1234,42,44,8.39965941850096e-05,1.0,9.457355918129906e-05,1.0,9.355383372167125e-05,1.0,1.1259213554896381,1.1137812744599027
PT-G,0.3,256,1235,41,43,0.000284645619103685,1.0,0.0002823018585331738,1.0,0.0002842135145328939,1.0,0.9917660402507109,0.9984819560119992
PT-G,0.3,256,1235,41,44,0.0008886185241863132,0.9995300769805908,0.0008340007625520229,0.9995300769805908,0.0008389693684875965,0.9995300769805908,0.9385363233516852,0.944127705705686
PT-G,0.3,256,1235,42,43,2.413067704765126e-05,1.0,2.2196829377207905e-05,1.0,2.2125719624455087e-05,1.0,0.9198593696055625,0.916912508536874
PT-G,0.3,256,1235,42,44,0.0008339847554452717,0.9998433589935303,0.0008785667596384883,0.9997650384902954,0.0008747930987738073,0.9997650384902954,1.0534566176445441,1.048931761716373
PT-G,0.3,256,1236,41,43,0.00015704732504673302,1.0,0.00015487933706026524,1.0,0.0001537332427687943,1.0,0.9861953205135927,0.9788975566635564
PT-G,0.3,256,1236,41,44,0.0028619770891964436,0.9991385340690613,0.002892014104872942,0.9991385340690613,0.002851044060662389,0.9991385340690613,1.010495197809194,0.9961799035445373
PT-G,0.3,256,1236,42,43,4.9574948207009584e-05,1.0,4.989775698049925e-05,1.0,4.965662083122879e-05,1.0,1.0065115302217105,1.0016474575803522
PT-G,0.3,256,1236,42,44,0.0005471660988405347,0.9998433589935303,0.0005407319404184818,0.9998433589935303,0.0005402938695624471,0.9998433589935303,0.9882409410310926,0.9874403233448671
PT-G,0.3,512,1234,41,43,5.3262861001712736e-06,1.0,4.05030323236133e-06,1.0,5.151047389517771e-06,1.0,0.760436663781746,0.9670992681658863
PT-G,0.3,512,1234,41,44,0.00019782184972427785,0.9999216794967651,0.00019731164502445608,0.9999216794967651,0.00019480654736980796,0.9999216794967651,0.9974208880336884,0.9847574857950596
PT-G,0.3,512,1234,42,43,2.078552461171057e-05,1.0,2.4148817828972824e-05,1.0,2.4246959583251737e-05,1.0,1.1618093976501018,1.1665310371618425
PT-G,0.3,512,1234,42,44,0.001612544059753418,0.999295175075531,0.0015218488406389952,0.9994518160820007,0.0015298787038773298,0.9994518160820007,0.9437564396669623,0.9487360637521254
PT-G,0.3,512,1235,41,43,0.0004629839677363634,0.9997650384902954,0.0006476612761616707,0.9996867179870605,0.0006856133113615215,0.9996867179870605,1.3988848886673932,1.4808575655732634
PT-G,0.3,512,1235,41,44,0.00016997983038891107,1.0,0.00016823926125653088,1.0,0.00016975903417915106,1.0,0.989760143139349,0.9987010446518576
PT-G,0.3,512,1235,42,43,2.4885193852242082e-06,1.0,3.1689471597928787e-06,1.0,2.923052079495392e-06,1.0,1.273426752714392,1.1746149525100178
PT-G,0.3,512,1235,42,44,0.001447760034352541,0.9989035725593567,0.0016342446906492114,0.9989818930625916,0.0018028505146503448,0.9989035725593567,1.1288090925787084,1.245268878731416
PT-G,0.3,512,1236,41,43,7.218019163701683e-05,1.0,7.107630517566577e-05,1.0,7.134265615604818e-05,1.0,0.9847065180028568,0.9883966021428636
PT-G,0.3,512,1236,41,44,1.4579956769011915e-05,1.0,1.489339138061041e-05,1.0,1.538676951895468e-05,1.0,1.0214976365543598,1.0553371153786653
PT-G,0.3,512,1236,42,43,0.0005447286530397832,0.9998433589935303,0.0005418083164840937,0.9998433589935303,0.000538281979970634,0.9998433589935303,0.9946389151013205,0.9881653497880559
PT-G,0.3,512,1236,42,44,0.007043788209557533,0.9968674182891846,0.007174348924309015,0.9968674182891846,0.007317646406590939,0.9968674182891846,1.0185355821139437,1.0388793911579872
PT-G,0.5,-1,1234,41,43,0.4375162720680237,0.8097736835479736,0.5107848048210144,0.7524473071098328,0.4785867929458618,0.7753152251243591,1.1674647034421595,1.093871984883462
PT-G,0.5,-1,1234,42,43,8.0081656051334e-05,0.9999216794967651,7.94836159911938e-05,0.9999216794967651,8.639616862637922e-05,0.9999216794967651,0.9925321217164036,1.0788509239993425
PT-G,0.5,-1,1235,41,43,0.012010399252176285,0.9981987476348877,0.012326355092227459,0.9981204271316528,0.012026400305330753,0.9982770681381226,1.0263068557020636,1.0013322665482223
PT-G,0.5,-1,1235,42,43,0.0036831258330494165,0.9988252520561218,0.0037568993866443634,0.9989035725593567,0.0037176967598497868,0.9989035725593567,1.0200301474722808,1.0093863007584911
PT-G,0.5,-1,1236,41,43,0.008029456250369549,0.9977288842201233,0.008114434778690338,0.9977288842201233,0.008088197559118271,0.9977288842201233,1.0105833478221988,1.0073157268583435
PT-G,0.5,-1,1236,42,43,0.008171764202415943,0.9988252520561218,0.008166621439158916,0.998746931552887,0.008190365508198738,0.9988252520561218,0.9993706667092148,1.0022762900791111
PT-G,0.5,1024,1234,41,43,0.0049423095770180225,0.997885525226593,0.005695393308997154,0.9977288842201233,0.005518300924450159,0.9976505637168884,1.152374860425783,1.11654295192485
PT-G,0.5,1024,1234,41,44,3.3315168366243597e-06,1.0,7.289289897016715e-06,1.0,7.249895134009421e-06,1.0,2.187979306267756,2.1761544334127803
PT-G,0.5,1024,1234,42,43,0.004429772030562162,0.9985120296478271,0.0042895060032606125,0.9981204271316528,0.004207300022244453,0.9985120296478271,0.968335610425589,0.949778000587205
PT-G,0.5,1024,1234,42,44,3.2505627132195514e-06,1.0,3.7039926610304974e-06,1.0,3.942674993595574e-06,1.0,1.1394927548903808,1.2129207590923583
PT-G,0.5,1024,1235,41,43,0.005554316099733114,0.9975722432136536,0.005523922387510538,0.9976505637168884,0.005565850529819727,0.9976505637168884,0.9945279109656657,1.0020766607228506
PT-G,0.5,1024,1235,41,44,0.006922082509845495,0.9968674182891846,0.006857973523437977,0.9970240592956543,0.006873143371194601,0.997337281703949,0.9907384827735968,0.9929299977887743
PT-G,0.5,1024,1235,42,43,5.072623480373295e-06,1.0,5.600753866019659e-06,1.0,5.543504357774509e-06,1.0,1.1041138550278324,1.0928278787540844
PT-G,0.5,1024,1235,42,44,0.014528753235936165,0.9972589612007141,0.019330112263560295,0.9963974952697754,0.01625417359173298,0.9978072047233582,1.3304728870849154,1.1187590103415805
PT-G,0.5,1024,1236,41,43,0.010432831943035126,0.9981987476348877,0.010418751277029514,0.9981987476348877,0.010391999036073685,0.9981204271316528,0.9986503505392884,0.9960861147592145
PT-G,0.5,1024,1236,41,44,0.0012811163906008005,0.9991385340690613,0.0013101964723318815,0.9991385340690613,0.0012461325386539102,0.9991385340690613,1.0226990162208787,0.9726926825668946
PT-G,0.5,1024,1236,42,43,0.010262149386107922,0.9965541362762451,0.01091486681252718,0.9961625933647156,0.01064711157232523,0.9963192343711853,1.063604358293873,1.0375128222883248
PT-G,0.5,1024,1236,42,44,0.0002320899802725762,0.9999216794967651,0.00023304166097659618,0.9999216794967651,0.00023413769667968154,0.9999216794967651,1.004100481644672,1.008822941880991
PT-G,0.5,256,1234,41,43,3.241039507884125e-07,1.0,3.954918383897166e-07,1.0,4.25368654077829e-07,1.0,1.2202623183939798,1.3124451369478245
PT-G,0.5,256,1234,41,44,0.0016629903111606836,0.9999216794967651,0.0017927532317116857,0.9999216794967651,0.0017315963050350547,0.9999216794967651,1.0780298716595853,1.0412545962618913
PT-G,0.5,256,1234,42,43,0.0018299042712897062,0.9997650384902954,0.0018861956195905805,0.9996867179870605,0.0018565583741292357,0.9997650384902954,1.03076190879712,1.0145658454694704
PT-G,0.5,256,1234,42,44,0.0018108870135620236,0.9998433589935303,0.0022825119085609913,0.9997650384902954,0.001961161382496357,0.9997650384902954,1.2604386090721802,1.0829838459323549
PT-G,0.5,256,1235,41,43,5.044603312853724e-05,1.0,5.187790156924166e-05,1.0,5.127963959239423e-05,1.0,1.0283841632711932,1.0165247178451664
PT-G,0.5,256,1235,41,44,0.005880569573491812,0.9974156022071838,0.00599701376631856,0.9974939227104187,0.006006091367453337,0.9974939227104187,1.0198015160558,1.0213451762440404
PT-G,0.5,256,1235,42,43,0.010679897852241993,0.9970240592956543,0.011335356160998344,0.99663245677948,0.011119171045720577,0.9968674182891846,1.061373087816449,1.0411308422192793
PT-G,0.5,256,1235,42,44,0.0021155071444809437,1.0,0.0022002768237143755,1.0,0.0021433921065181494,1.0,1.0400706182697534,1.013181218560265
PT-G,0.5,256,1236,41,43,0.0034293869975954294,0.9996083974838257,0.003530130721628666,0.9996083974838257,0.0034462944604456425,0.9996867179870605,1.0293765982386573,1.0049301705704454
PT-G,0.5,256,1236,41,44,0.020521359518170357,0.9971806406974792,0.10409481078386307,0.9576317667961121,0.043764449656009674,0.9895841479301453,5.072510458758531,2.1326291573060274
PT-G,0.5,256,1236,42,43,0.00123183848336339,0.999295175075531,0.001286716083995998,0.999295175075531,0.001236228970810771,0.999295175075531,1.0445493474783896,1.003564174611101
PT-G,0.5,256,1236,42,44,0.01670141890645027,0.9967890977859497,0.02348722331225872,0.9949878454208374,0.02319488488137722,0.9955360293388367,1.4063010720117737,1.388797263950975
PT-G,0.5,512,1234,41,43,0.00037819051067344844,1.0,0.0003840779245365411,1.0,0.0003808451001532376,1.0,1.0155673230737834,1.007019185846472
PT-G,0.5,512,1234,41,44,0.0055518364533782005,0.9981204271316528,0.005383984185755253,0.9981204271316528,0.005406246054917574,0.9981987476348877,0.9697663522633466,0.9737761730405374
PT-G,0.5,512,1234,42,43,1.3154948419469292e-06,1.0,1.4092686342337402e-06,1.0,1.339886352980102e-06,1.0,1.0712840440697022,1.0185417002449613
PT-G,0.5,512,1234,42,44,0.00042069199844263494,0.9999216794967651,0.00042482372373342514,0.9999216794967651,0.00042827517609111965,0.9999216794967651,1.0098212595107239,1.0180254858104194
PT-G,0.5,512,1235,41,43,0.004325163550674915,0.9989818930625916,0.004335131961852312,0.9989818930625916,0.004333605524152517,0.9989818930625916,1.002304747799847,1.0019518275733839
PT-G,0.5,512,1235,41,44,4.5262615458341315e-05,1.0,4.536856067716144e-05,1.0,4.451852146303281e-05,1.0,1.0023406782340636,0.9835605170453893
PT-G,0.5,512,1235,42,43,1.8482634800420783e-07,1.0,2.5628756361584237e-07,1.0,2.448082341288682e-07,1.0,1.3866397642072528,1.3245310356037268
PT-G,0.5,512,1235,42,44,1.9486811652313918e-05,1.0,1.9024508219445124e-05,1.0,1.909850470838137e-05,1.0,0.9762760865596041,0.9800733464837261
PT-G,0.5,512,1236,41,43,0.012156636454164982,0.9992168545722961,0.012648552656173706,0.9989818930625916,0.012455453164875507,0.9991385340690613,1.0404648279039543,1.024580541816577
PT-G,0.5,512,1236,41,44,6.00433413637802e-05,1.0,6.10505958320573e-05,1.0,6.0861926613142714e-05,1.0,1.016775456618487,1.0136332394362102
PT-G,0.5,512,1236,42,43,0.005363206844776869,0.9977288842201233,0.00536632863804698,0.9977288842201233,0.0053911092691123486,0.9977288842201233,1.0005820758662611,1.005202563530186
PT-G,0.5,512,1236,42,44,0.00033370524761267006,0.9997650384902954,0.00036511756479740143,0.9997650384902954,0.0003499831072986126,0.9997650384902954,1.0941319245335677,1.0487791540660343
